{
    "criteria": {
      "requirement": {
        "trigger": "minecraft:item_used_on_block",
        "conditions": {
          "item": {
            "items": [
              "minecraft:bone_meal"
            ]
          },
          "location": {
            "block": {
              "blocks": [
                "minecraft:jungle_sapling"
              ]
            }
          }
        }
      }
    },
    "rewards": {
      "function": "co2_bonemeal:jungle_sapling/detect_jungle_sapling"
    }
  }